Subhazard,Existing climate,Lower bound,Upper bound
Earthquake,0.5351077,0.5351077,0.5351077
Rain,9.9839814,10.3577608,11.0260698