Subhazard,Existing climate,Lower bound,Upper bound
Earthquake,29.5548097,29.5548097,29.5548097
Rain,3678.9388074,4220.2273325,4342.1279651
