Subhazard,Existing climate,Lower bound,Upper bound
Earthquake,0.2682406,0.2682406,0.2682406
Rain,76.548985,105.2387831,115.9950385
